{"cameraMode":{"drawMode":0,"name":"Shaded","section":"Shading Mode"},"sceneLighting":false,"audioPlay":false,"sceneViewState":{"showFog":true,"showMaterialUpdate":false,"showSkybox":true,"showFlares":true,"showImageEffects":true,"showParticleSystems":true},"in2DMode":false,"pivot":{"x":3.530649185180664,"y":5.882771015167236,"z":16.12635040283203},"rotation":{"x":-0.08709532767534256,"y":0.9003872871398926,"z":-0.21206392347812653,"w":-0.3697919249534607},"size":31.338834762573243,"orthographic":false}